{"ae09030c-86f2-405e-8296-034ecfb623c9":{"pos":{"x":178.21036529541016,"y":136.60487365722656},"neighbors":{},"roomID":"bdec95bd-fd68-45b3-b6e3-580ae4b1414e"},"0b8a4e19-75a3-4a25-8ae4-0f5bf40124ab":{"pos":{"x":198.31037139892578,"y":129.43489456176758},"neighbors":{},"roomID":"3cb7a273-69fa-4acb-9f6e-633743607340"},"7668c03d-e644-4f03-9176-1dbfcf51dca4":{"pos":{"x":216.64036560058594,"y":126.67488479614258},"neighbors":{},"roomID":"9145a628-de89-48b8-bf47-012f8d8023a8"},"f8ec6bbd-f2e2-480d-aeb9-27173d0f1ab9":{"pos":{"x":238.81037139892578,"y":119.50489807128906},"neighbors":{},"roomID":"94b5f0e5-895e-4e3a-a9c8-8a6fb8da99de"},"e50ae065-a34f-4f4f-abb0-ffe76ccc70d1":{"pos":{"x":265.48033142089844,"y":114.13490295410156},"neighbors":{},"roomID":"d57796b7-c4c3-499a-9ed9-4e761f7a1053"},"b1ac57cc-6d35-431c-826b-cd9a92b5d74c":{"pos":{"x":287.4403533935547,"y":107.89491271972656},"neighbors":{},"roomID":"b9c38f89-90e2-429f-927a-242dd0f28596"},"05c6d46a-7fe6-47e7-ad57-3ecd77940007":{"pos":{"x":310.6603546142578,"y":101.62489318847656},"neighbors":{},"roomID":"1eb447e5-57e3-4344-b074-b2d31391539e"},"a42e9375-377a-4e50-8aa6-cf6014481312":{"pos":{"x":332.1703338623047,"y":94.03486633300781},"neighbors":{},"roomID":"dd652ec0-1af8-42e9-9d00-780eb406111f"},"5ea2cb91-9742-4442-84dd-192d0b0d4653":{"pos":{"x":354.100341796875,"y":89.35487365722656},"neighbors":{},"roomID":"706c4e69-cd1c-4154-bce2-7f3358929f7c"},"06737801-da38-4a04-9a80-c45ed2c837c3":{"pos":{"x":380.74034118652344,"y":81.94490051269531},"neighbors":{},"roomID":"8a4be55a-cfb4-4821-a784-8d98697ceda2"},"d0247045-404a-4a3e-96bf-a5c1374182bb":{"pos":{"x":403.3003387451172,"y":76.24488830566406},"neighbors":{},"roomID":"da70606d-92fb-4545-9545-e3244c9125e1"},"e554ce84-85b3-44e6-9c9f-04176c18d116":{"pos":{"x":425.62034606933594,"y":69.82490539550781},"neighbors":{},"roomID":"8e1556b3-c8ad-4240-af77-7f5ae8445749"},"3bb7cc80-2131-4b3c-974f-8e79ccf19d73":{"pos":{"x":469.84034729003906,"y":75.58491516113281},"neighbors":{},"roomID":"e881ed77-f9e7-43c8-89ba-11d1b3ae9cff"},"6697d2dd-f6c0-45bf-b0a2-107895a3ff83":{"pos":{"x":471.97035217285156,"y":95.83491516113281},"neighbors":{},"roomID":"b9d9201f-b300-4d13-b814-cae4882a866a"},"179aa035-ff21-4ba3-af2d-d2dcb5310428":{"pos":{"x":473.4403381347656,"y":114.49488830566406},"neighbors":{},"roomID":"78004b50-d8a8-4f2c-9792-977156ab888c"},"5054ca4c-e4d1-41c7-97be-11a1ff6ae0c4":{"pos":{"x":475.8103485107422,"y":133.4248809814453},"neighbors":{},"roomID":"9dbe7c38-d9b2-4943-af5d-82a0595a87c2"},"5c14f766-2fd8-46fe-aa3b-74865f613037":{"pos":{"x":477.61033630371094,"y":152.11488342285156},"neighbors":{},"roomID":"16f0a3fa-1679-4bd5-9cad-0690e33ecaf3"},"f8314cd1-a72d-48f9-9802-49799071bb36":{"pos":{"x":479.0203399658203,"y":170.98487854003906},"neighbors":{},"roomID":"b18159f7-8525-4db7-be23-14cf86d964e8"},"d6d3f2eb-4ae4-41b7-a12d-d931768f9f7b":{"pos":{"x":482.23033142089844,"y":189.88490295410156},"neighbors":{},"roomID":"30c7ec91-25c3-4667-99ff-5426b912a215"},"c8d1d87d-2bc9-429a-91c3-b9f31091a553":{"pos":{"x":484.48033142089844,"y":208.87489318847656},"neighbors":{},"roomID":"97f0a711-a82a-44b4-acf1-0ab30764bb57"},"da95b25f-2f57-44ed-aca0-45148994d603":{"pos":{"x":486.73033142089844,"y":227.77491760253906},"neighbors":{},"roomID":"36173a99-bf1b-4bfa-9a20-6c733117e378"},"8b5a7097-8d31-40ff-a328-a7d45ef9e174":{"pos":{"x":488.23033142089844,"y":246.61488342285156},"neighbors":{},"roomID":"6b8a8796-fe60-435c-8656-c4d25fd3ad70"},"9ba45e95-fea9-4a1d-9190-f6792584243b":{"pos":{"x":396.4003448486328,"y":168.7948760986328},"neighbors":{},"roomID":"07574af4-3c07-49cc-a3be-7a5b21954526"},"f48b6e20-2806-4e82-af66-f9d48584a33d":{"pos":{"x":367.8562774658203,"y":179.13593292236328},"neighbors":{},"roomID":"9c321813-22a7-46c0-abc0-d989415d3be9"},"4a09702a-bc8e-4627-bbc6-17c958b83ea0":{"pos":{"x":342.46034240722656,"y":186.6748809814453},"neighbors":{},"roomID":"2ab71d05-8028-4dba-8884-3db8b7ef0c5b"},"78b81739-ba15-4ea3-97ab-abf5e78f0ddc":{"pos":{"x":345.22035217285156,"y":153.76490783691406},"neighbors":{},"roomID":"df9d4ba7-b664-4327-bb21-6a07d49ded5d"},"ca219c6e-96dc-4fb4-b845-a8ad32eda413":{"pos":{"x":357.53627014160156,"y":140.10590362548828},"neighbors":{},"roomID":"f8c09d46-f3da-48d7-b037-f4093cd06bca"},"755b4488-2043-4541-a50d-ecf16cc2b1b6":{"pos":{"x":358.5862731933594,"y":123.39593887329102},"neighbors":{},"roomID":"97283661-1536-4892-b80e-68f523ed50ac"},"72d115a3-1a4f-4fc7-abb2-aa489d33f12c":{"pos":{"x":380.66627502441406,"y":123.24591445922852},"neighbors":{},"roomID":"b9e60549-b29c-4a2f-b854-fa1540452112"},"ffb577af-5028-4d3a-9766-014ffcadc88f":{"pos":{"x":379.07627868652344,"y":140.79590606689453},"neighbors":{},"roomID":"c145d485-0e21-4001-8320-2a6be43a5f51"},"f896bf8f-b104-484a-b53c-0f8690c837d6":{"pos":{"x":377.93626403808594,"y":152.25592803955078},"neighbors":{},"roomID":"41334c86-7acd-49b3-958a-d21e66b953a1"},"08e8e86c-a8b1-45ba-83d2-e7d83aaa33fa":{"pos":{"x":402.5203399658203,"y":147.4348907470703},"neighbors":{},"roomID":"35431b4f-3b67-4628-812e-d6bb4b469503"},"9b0fe766-1597-4b0b-9750-1b91b0313624":{"pos":{"x":407.8903350830078,"y":119.05488586425781},"neighbors":{},"roomID":"ba4df467-bd1d-4f4e-8300-8997d7892cc7"},"3e9aca5f-9430-47b8-9bef-4da377acd1d3":{"pos":{"x":319.2262725830078,"y":134.91590118408203},"neighbors":{},"roomID":"cebc240f-0d50-4710-b6da-bf30c5256418"},"0ede14c7-b08d-409d-81a3-efb86d45c6ee":{"pos":{"x":293.7703399658203,"y":142.6949005126953},"neighbors":{},"roomID":"915a1c9b-c78c-43bf-b2f7-b8e2185d2ca2"},"0372e9d2-d1f7-4983-934d-ef5ad93252a6":{"pos":{"x":284.98033142089844,"y":160.4248809814453},"neighbors":{},"roomID":"ef272325-636a-48af-9661-85591d39e347"},"0672d95a-c233-4ab0-879c-7f8787097812":{"pos":{"x":287.08033752441406,"y":181.3048858642578},"neighbors":{},"roomID":"94a5b7c4-8c1d-4857-a49e-a9559051797d"},"44e6358d-88fd-461f-a009-8b72955d02a9":{"pos":{"x":315.6068572998047,"y":177.06592559814453},"neighbors":{},"roomID":"0777842a-ffbb-45fd-99ec-6dc787b88071"},"02ee2459-df38-4118-8f1f-ba55be672b98":{"pos":{"x":314.7262725830078,"y":187.83594512939453},"neighbors":{},"roomID":"526cb707-3bad-442b-b6a6-69c02845cd56"},"c594e840-fb81-407a-866f-db665f244f1c":{"pos":{"x":241.3003692626953,"y":156.8249053955078},"neighbors":{},"roomID":"ec35c003-2b23-4e5c-9c89-db0f86f89487"},"3e9ddc9c-8f9c-4cd8-865a-dc81d0950603":{"pos":{"x":239.86036682128906,"y":178.6648712158203},"neighbors":{},"roomID":"5d36ad62-3c9c-4d1d-ba74-140b89a0157c"},"b1c8d656-0cd2-4010-972d-d0d592819177":{"pos":{"x":199.21036529541016,"y":211.6949005126953},"neighbors":{},"roomID":"907c7f0d-78be-4784-9eef-ed27079678fa"},"66d0fcd5-7d5e-4e28-aa4c-767f5dbd346e":{"pos":{"x":219.04036712646484,"y":213.22486877441406},"neighbors":{},"roomID":"ffc82251-89b7-4043-8a64-a425601fc4fb"},"f12e8a57-a539-4957-a45a-9d1d82de4916":{"pos":{"x":240.2503662109375,"y":214.96485900878906},"neighbors":{},"roomID":"42ce792d-b6d8-4d78-95b0-aec60378a9e8"},"8903a6b8-079d-45d1-8eca-eacf2f369557":{"pos":{"x":266.6803436279297,"y":216.97486877441406},"neighbors":{},"roomID":"4fc620be-5696-4481-8265-80a5358aa8d5"},"754c3fc9-55bc-4d20-b731-d8520fa6a097":{"pos":{"x":295.24034118652344,"y":219.9449005126953},"neighbors":{},"roomID":"13e1ec0e-1e7f-4866-8b11-f812d2b17c42"},"fa8c2bf3-2d93-4956-ae7b-de5ea16ebb07":{"pos":{"x":320.6803436279297,"y":221.4449005126953},"neighbors":{},"roomID":"31f59819-cccb-4c54-a8c9-62f1ab249f6f"},"9920d6ad-4048-43cb-9d86-ed2d7a27f953":{"pos":{"x":339.34034729003906,"y":224.5348663330078},"neighbors":{},"roomID":"8c91c124-ede7-4426-bcd7-560f7a7557f2"},"389d83df-c0bf-4cf5-8773-3a80c32f5c94":{"pos":{"x":358.4203338623047,"y":226.09486389160156},"neighbors":{},"roomID":"a7544e45-3433-4756-b5a7-4ca97ea6f780"},"75621dba-b7bc-4548-9158-03e8d72e6c17":{"pos":{"x":376.9003448486328,"y":227.89491271972656},"neighbors":{},"roomID":"8ca939ae-6a4b-4a45-9717-7331d7dc1091"},"fbb48a7f-6589-44d3-889c-d37d6026638c":{"pos":{"x":395.95033264160156,"y":228.13490295410156},"neighbors":{},