{"5f62257b-0369-4eda-9e60-9c52c1eaeffe":{"pos":{"x":178.21036529541016,"y":136.60487365722656},"neighbors":{},"roomID":"92aff00f-5553-4e9a-a293-f3ca1c18f6ad"},"c5cb5bf5-3869-4e43-8563-c6756f64df67":{"pos":{"x":198.31037139892578,"y":129.43489456176758},"neighbors":{},"roomID":"b6f804ff-4667-492f-90b2-e22cf189795f"},"04a95247-642d-4b70-9b6f-0825dda0d3b4":{"pos":{"x":216.64036560058594,"y":126.67488479614258},"neighbors":{},"roomID":"c5ce8bde-4a6a-4d01-bb65-7f6c8d8f4668"},"72f14a4a-8709-45aa-8f15-87d5e0fde8f1":{"pos":{"x":238.81037139892578,"y":119.50489807128906},"neighbors":{},"roomID":"53150288-9de9-4973-bd98-9417da2d22d2"},"d292be8a-fa99-4166-94ce-6711bd6d35c3":{"pos":{"x":265.48033142089844,"y":114.13490295410156},"neighbors":{},"roomID":"6eada972-cb9b-43f9-a3ad-c2a972650f9f"},"5aa9c6a4-b244-4739-a81f-cb033f1c4e8f":{"pos":{"x":287.4403533935547,"y":107.89491271972656},"neighbors":{},"roomID":"0432f96e-6f4c-4c36-a9a9-4426831e06f5"},"20b99d02-82b7-453d-908e-6d2c4fb7210d":{"pos":{"x":310.6603546142578,"y":101.62489318847656},"neighbors":{},"roomID":"753f06cc-85a2-40f9-85a7-7e27b9a3e4f5"},"6360bf63-9977-4190-bd64-1dad56acf95c":{"pos":{"x":332.1703338623047,"y":94.03486633300781},"neighbors":{},"roomID":"2358c318-0ae5-4b52-aa3a-2c61f9d1bfb1"},"349ac410-0632-489f-967a-988d4eb5e8c2":{"pos":{"x":354.100341796875,"y":89.35487365722656},"neighbors":{},"roomID":"85df3a01-330f-4f02-930e-9555d4e61b4e"},"f13ac9c3-860b-422c-8633-3070be15bb5e":{"pos":{"x":380.74034118652344,"y":81.94490051269531},"neighbors":{},"roomID":"5424b3da-36f8-4ce3-bcf3-e53f368a20bb"},"057e2a13-0687-47f2-95da-c29f5b1aa28a":{"pos":{"x":403.3003387451172,"y":76.24488830566406},"neighbors":{},"roomID":"3da5298e-1a43-4fec-9a2d-94c0c4676143"},"23f30e76-c820-437f-9fb7-230e43165d73":{"pos":{"x":425.62034606933594,"y":69.82490539550781},"neighbors":{},"roomID":"7169eac9-f7eb-43d0-863f-70663d62338b"},"c47dd735-4118-477e-b632-1cb9eb6ec186":{"pos":{"x":469.84034729003906,"y":75.58491516113281},"neighbors":{},"roomID":"fe1dc009-7584-41b3-b195-63ba184378dd"},"98abbfd6-b779-49e9-a44f-e540b1c8e251":{"pos":{"x":471.97035217285156,"y":95.83491516113281},"neighbors":{},"roomID":"b15debba-d361-491b-b3f9-8015c531c9cb"},"b8ece7a7-959f-490a-a818-6f0462cb87d9":{"pos":{"x":473.4403381347656,"y":114.49488830566406},"neighbors":{},"roomID":"fbb37a48-bf26-4cd9-82a8-bca1f506c045"},"2a261ae9-e9e7-41e6-835a-fbadaaeeba05":{"pos":{"x":475.8103485107422,"y":133.4248809814453},"neighbors":{},"roomID":"8eb55c9d-cd0c-4a81-bccf-16cff342e4c5"},"f5b05fb2-54af-4ce9-98f2-9e4b879afa87":{"pos":{"x":477.61033630371094,"y":152.11488342285156},"neighbors":{},"roomID":"2f4f7cdc-7e30-4e9e-83a8-9b91ea95ba35"},"96a13ceb-2e69-43a8-92fc-2a19732cf710":{"pos":{"x":479.0203399658203,"y":170.98487854003906},"neighbors":{},"roomID":"e762f26d-2d54-48b9-8b1e-50bf1ae7ce2b"},"fb453b10-0df3-4938-a46a-24275dc8101b":{"pos":{"x":482.23033142089844,"y":189.88490295410156},"neighbors":{},"roomID":"9fe48719-aba9-46d1-b0a5-a613493d31ce"},"c395e74a-f192-4a0b-a49a-a8238f0ab192":{"pos":{"x":484.48033142089844,"y":208.87489318847656},"neighbors":{},"roomID":"f991c475-d636-4b65-8c70-35bbcd79aabf"},"ee810b84-b677-46d3-9fb9-1733ea5ef4fc":{"pos":{"x":486.73033142089844,"y":227.77491760253906},"neighbors":{},"roomID":"78983749-3f6e-4b48-a26b-567b01be48ff"},"fe36bd09-54c8-49fc-89d0-7e749672f7d0":{"pos":{"x":488.23033142089844,"y":246.61488342285156},"neighbors":{},"roomID":"74f135bf-b044-40ca-83ae-e1ba6ab85e1b"},"2df863dd-049f-4273-aa2d-dd444f95a348":{"pos":{"x":396.4003448486328,"y":168.7948760986328},"neighbors":{},"roomID":"0b595aaf-42d4-46ff-9eda-337d73f91cdf"},"82a87757-43b3-49ed-8c0e-d34fe67545ee":{"pos":{"x":367.8562774658203,"y":179.13593292236328},"neighbors":{},"roomID":"95735b94-e7da-4cb7-8d4b-228767639f49"},"deffed11-df54-4abf-9951-4705b2f88afe":{"pos":{"x":342.46034240722656,"y":186.6748809814453},"neighbors":{},"roomID":"d3df4043-d869-4dd0-9fed-dd695d36a563"},"7eb8f7a0-d431-47af-af91-e5057530c0d9":{"pos":{"x":345.22035217285156,"y":153.76490783691406},"neighbors":{},"roomID":"02365ed0-2d08-4325-8293-f439a21067fb"},"d4565a1f-cf6e-44f6-83f3-f9ca8c15e6f7":{"pos":{"x":357.53627014160156,"y":140.10590362548828},"neighbors":{},"roomID":"e692155c-ca98-41af-837f-cd98f68e16f4"},"d659bd63-0185-4768-9e06-e54da4a34b3c":{"pos":{"x":358.5862731933594,"y":123.39593887329102},"neighbors":{},"roomID":"66e3416d-9e5c-464f-a5f3-dd7010791329"},"bc3909c9-af5f-4525-83e7-7bca55a8e09b":{"pos":{"x":380.66627502441406,"y":123.24591445922852},"neighbors":{},"roomID":"40414710-da9e-42d4-92d0-d2e75c72cc2c"},"ba087dd2-a9cf-4d5e-832e-48013cf76efa":{"pos":{"x":379.07627868652344,"y":140.79590606689453},"neighbors":{},"roomID":"786fe3b5-1fbe-401d-a9f6-2c7fa7c6e658"},"e3c81615-55c2-4eea-ac72-3eae4c056629":{"pos":{"x":377.93626403808594,"y":152.25592803955078},"neighbors":{},"roomID":"5eef760e-f8f1-4f45-a887-785c7251a416"},"d0e7f628-dfd2-4908-9f92-f036cf97c65f":{"pos":{"x":402.5203399658203,"y":147.4348907470703},"neighbors":{},"roomID":"09537dbc-2074-4670-8698-45f76194200f"},"543be97b-f4b4-4aef-970b-3d9b12ad8a27":{"pos":{"x":407.8903350830078,"y":119.05488586425781},"neighbors":{},"roomID":"66958fa9-05d1-4cce-9568-813f921da5c4"},"e9e3e875-58c0-4d9e-8f3c-5bd5028c2989":{"pos":{"x":319.2262725830078,"y":134.91590118408203},"neighbors":{},"roomID":"e65075b0-b7e3-4fee-ae69-edd36e031afd"},"faaac58d-8847-4567-bcfd-2feaa8efc315":{"pos":{"x":293.7703399658203,"y":142.6949005126953},"neighbors":{},"roomID":"7274b690-a6aa-490d-bc2e-46d00f145304"},"5aa7342d-db6f-4156-a845-ceec77867842":{"pos":{"x":284.98033142089844,"y":160.4248809814453},"neighbors":{},"roomID":"69b3d8e2-6d13-492e-ab6c-03471f0aeee8"},"076b0561-ea02-4cb5-9148-5a2a5aa063a2":{"pos":{"x":287.08033752441406,"y":181.3048858642578},"neighbors":{},"roomID":"27191259-5306-47c6-ae85-4550c5bb526b"},"3f6f4536-942e-4f4b-8b80-86cf46c6025d":{"pos":{"x":315.6068572998047,"y":177.06592559814453},"neighbors":{},"roomID":"d86a68c8-c300-4eda-9776-3f6adde42cbb"},"cd8672f4-7e8d-4fce-b2f8-032fc2894412":{"pos":{"x":314.7262725830078,"y":187.83594512939453},"neighbors":{},"roomID":"63b8d3cd-83fe-4f28-b466-da24f1666bfd"},"abdd12e2-3961-4515-b716-ee19e8e51654":{"pos":{"x":241.3003692626953,"y":156.8249053955078},"neighbors":{},"roomID":"14cb81e0-a217-43ea-b6d0-d288bb9d0412"},"ae15702d-cd47-403e-a831-81320e23fccb":{"pos":{"x":239.86036682128906,"y":178.6648712158203},"neighbors":{},"roomID":"b1aceed0-bb48-4650-a49a-186a19b41d1e"},"226ebbe1-efe5-4c21-8854-a261c3d17325":{"pos":{"x":199.21036529541016,"y":211.6949005126953},"neighbors":{},"roomID":"d1207920-9881-4cb5-bc9b-09062f556a8d"},"ce58cd9c-669c-4bc9-9ff7-2715f476f351":{"pos":{"x":219.04036712646484,"y":213.22486877441406},"neighbors":{},"roomID":"96ee8edd-74d9-4d09-96cf-5ae66ff75dce"},"791a5c32-6136-4463-b701-c5f26e9169cf":{"pos":{"x":240.2503662109375,"y":214.96485900878906},"neighbors":{},"roomID":"f3c790e5-5908-49c7-903b-e4f827d828e3"},"d79534f0-c876-4429-b683-914e897ab4d8":{"pos":{"x":266.6803436279297,"y":216.97486877441406},"neighbors":{},"roomID":"c7cc84c6-06fc-445c-a0a1-f1780ee94c88"},"3fb6534a-7714-4fb0-a94f-e222522d0a97":{"pos":{"x":295.24034118652344,"y":219.9449005126953},"neighbors":{},"roomID":"a06000af-1468-44b2-85a4-0f97227490d5"},"b12933f7-ba7d-4e6f-ab3a-cd4619f17ea5":{"pos":{"x":320.6803436279297,"y":221.4449005126953},"neighbors":{},"roomID":"322c9fdc-7d44-42c7-8426-f04a21a234f4"},"1c245993-b01b-4238-8784-d072d660986b":{"pos":{"x":339.34034729003906,"y":224.5348663330078},"neighbors":{},"roomID":"8ddff6c8-be62-4d4d-ab0c-1479684acaad"},"28904b0a-96d1-4bec-b359-073c9e197de7":{"pos":{"x":358.4203338623047,"y":226.09486389160156},"neighbors":{},"roomID":"2e22108c-cc51-46f3-8bdc-eb6128c187fb"},"e5b195b7-04de-4eb5-972f-2004edcc260b":{"pos":{"x":376.9003448486328,"y":227.89491271972656},"neighbors":{},"roomID":"da0b172c-b230-4e59-887c-307bd7a3ec44"},"f7749d75-4420-4fb7-a424-ce60a7ff6715":{"pos":{"x":395.95033264160156,"y":228.13490295410156},"neighbors":{},