{"69fd4803-b73d-4f36-9038-e64dc1980801":{"pos":{"x":609.8149108886719,"y":274.0498352050781},"neighbors":{},"roomID":"366f6619-3a04-44d6-abaf-53fe30f94146"},"7abfa8e9-26da-4dcb-99aa-63c1682c9fca":{"pos":{"x":609.8149108886719,"y":124.6798324584961},"neighbors":{},"roomID":"5ce27103-b96d-438b-a97e-9d9a3c634923"},"fb1f4871-0a0b-4bed-bb81-53a63002ad43":{"pos":{"x":415.5348815917969,"y":336.02984619140625},"neighbors":{},"roomID":"7ae63225-8b40-4685-9663-292658ab5c71"},"73faa7b9-654b-4c3b-9a2c-8457e8c54914":{"pos":{"x":265.0548858642578,"y":336.26983642578125},"neighbors":{},"roomID":"45c5912b-f902-4158-a71e-d60c7fc0a522"},"d6f9ebe0-a207-4d48-834a-013279c37bdc":{"pos":{"x":396.6348876953125,"y":520.8898620605469},"neighbors":{},"roomID":"29ad6821-898e-4452-aabd-8c033e99693b"},"31ada5b9-ea24-4c1f-bed7-33a7b4a01120":{"pos":{"x":415.5348815917969,"y":469.7398376464844},"neighbors":{},"roomID":"4d295d27-26d9-4dbd-aa44-30bb79d180ca"},"a80b6890-94d9-4627-841c-c2daaf487c59":{"pos":{"x":415.5348815917969,"y":402.8098449707031},"neighbors":{},"roomID":"b17492a5-e0ca-4c48-bde0-4e43c8c5f2ae"},"5e0457c3-a4ae-4f3b-a750-0d37dbc87527":{"pos":{"x":364.28997802734375,"y":495.27001953125},"neighbors":{},"roomID":"fdcf8c3a-23d9-43a1-ba20-ef2573c496b0"},"5e61a317-22b2-4b7f-b833-aaaaab67c787":{"pos":{"x":265.0548858642578,"y":469.9798278808594},"neighbors":{},"roomID":"b28a41d2-8e3f-43e4-9b33-bc347a85bfa7"},"4e589344-288f-4700-9358-fe3fa25fcffc":{"pos":{"x":318.75,"y":495.8399963378906},"neighbors":{},"roomID":"3986a6fc-73ab-414f-bee2-fc220cbfee5a"},"b5ae7e38-9e96-4e5e-ab82-366785b29730":{"pos":{"x":265.0548858642578,"y":403.1098327636719},"neighbors":{},"roomID":"fd08186b-0dee-471e-9329-2cb6cc3af84f"},"f68a3033-071c-4bcc-9b8e-9936e2165303":{"pos":{"x":319.1999816894531,"y":460.08001708984375},"neighbors":{},"roomID":"4cb0c57b-ec77-4e14-aa8c-977abb92c628"},"6f6623a9-35e8-4902-9d31-afabd92130b9":{"pos":{"x":318.8399963378906,"y":426.7799987792969},"neighbors":{},"roomID":"76ff2ae5-db90-4842-9698-e8d98bf38555"},"72f4da45-de5e-4909-85de-8afe76797b08":{"pos":{"x":364.9499816894531,"y":459.45001220703125},"neighbors":{},"roomID":"d630ab09-0738-4513-b778-413a1e218f4a"},"9d519adb-d224-4faf-9496-43c2c9767b3a":{"pos":{"x":364.7699890136719,"y":426.3900146484375},"neighbors":{},"roomID":"071a1a80-2c03-4c3b-9db0-12dc7542f0b0"},"77c6eea7-56a6-4ccc-9e9c-4132a3822219":{"pos":{"x":318.47998046875,"y":391.83001708984375},"neighbors":{},"roomID":"c72a5536-e0ac-41ff-b990-59d44a7f7a34"},"5d1045ab-402e-4483-b874-2de42d52b3a2":{"pos":{"x":318.57000732421875,"y":360.1199951171875},"neighbors":{},"roomID":"18bed69e-b0b7-4ddc-b51b-1c20e7766e6d"},"97e7c794-a883-444d-b617-bcfdfaf7a50c":{"pos":{"x":364.5899963378906,"y":392.4900207519531},"neighbors":{},"roomID":"b3a51fdd-ad2f-402b-96c2-2a865174d871"},"2e21e06b-16ff-43cc-b93b-135ea3c375ce":{"pos":{"x":363.75,"y":361.83001708984375},"neighbors":{},"roomID":"198dc479-fd1b-4823-894a-697ee59269c4"},"daf5665e-a142-4053-a34c-b6dcf5bd1f0f":{"pos":{"x":139.23487854003906,"y":277.9798278808594},"neighbors":{},"roomID":"7eae65d1-23c9-4a76-bfa7-5181abbd17a2"},"9344dfdb-f040-4b31-b439-c9fa4ab8bf89":{"pos":{"x":138.93488311767578,"y":124.61983489990234},"neighbors":{},"roomID":"fdf483e1-80c5-44fe-b957-bd0acfb7f3fa"},"4e7a2ba9-3acd-45e8-a06b-b7f443840d6f":{"pos":{"x":130.11488342285156,"y":199.6498031616211},"neighbors":{},"roomID":"7a8b4a64-70df-4f07-bb2a-393c32b742b6"},"7e65be8a-f1b9-4e64-bb88-2be84782a0a7":{"pos":{"x":114.77999877929688,"y":249.80999755859375},"neighbors":{},"roomID":"435cbe65-08ba-4980-901b-f9a57c0b847a"},"73c692a5-a54c-4095-baca-f560901737eb":{"pos":{"x":140.97000122070312,"y":248.760009765625},"neighbors":{},"roomID":"3ffec4e7-97ef-4e82-9c31-502b121fc658"},"70110715-8a7f-4ac5-9dd1-81f4ef640a3e":{"pos":{"x":111.47999572753906,"y":174.60003662109375},"neighbors":{},"roomID":"08426d13-c3d1-49ff-8f29-2d6a5938a4eb"},"c0681861-b908-4d9e-b373-f2e2eaa5f4b8":{"pos":{"x":136.739990234375,"y":177.5400390625},"neighbors":{},"roomID":"a1a5270a-4f2d-44b2-9376-95a19d0faa38"},"58911447-a042-416e-8e30-f1a0db8ba357":{"pos":{"x":373.4402160644531,"y":288.329833984375},"neighbors":{},"roomID":"8997f9fc-af00-45c3-966f-6ef567920516"},"f99aea86-654d-413a-ae45-ecb7975dd741":{"pos":{"x":373.4665069580078,"y":259.2298278808594},"neighbors":{},"roomID":"1afa9329-8f8b-4a1d-885d-fc017049fc3a"},"06ca1439-5eee-444e-9dae-80d37fd1c671":{"pos":{"x":379.2599792480469,"y":233.22003173828125},"neighbors":{},"roomID":"ea84b5b7-e4d4-4db3-896b-2b2d55630540"},"d7185d2c-12a8-4183-a1c6-0323b8b5ac24":{"pos":{"x":381.21022033691406,"y":160.76985931396484},"neighbors":{},"roomID":"527c88af-b838-4a8b-8222-f1d6a6dac642"},"236f50e0-c7d4-459d-a31e-7cb3712fcd2a":{"pos":{"x":381.2148895263672,"y":121.22982406616211},"neighbors":{},"roomID":"e01d049b-2892-446b-9a22-db60fc211f58"},"571e879a-1003-46c0-a12e-1aab3898442f":{"pos":{"x":281.5848846435547,"y":237.6898422241211},"neighbors":{},"roomID":"63bd795d-5510-4b81-9e88-7527797e2967"},"b617875a-cdf4-4b4a-bc6c-b45b966e1b4a":{"pos":{"x":280.7702178955078,"y":279.83984375},"neighbors":{},"roomID":"25ccfd3a-ae50-485d-ad39-b2cb052bcafc"},"3ebcf6cb-6c62-496f-a0b9-5e3e5c6c84fe":{"pos":{"x":206.5548858642578,"y":272.7898254394531},"neighbors":{},"roomID":"f28d7308-533a-4020-8ab8-f526db7fd010"},"d1cdf301-68f4-4dff-bc0a-6222c65b97b1":{"pos":{"x":192.14999389648438,"y":225.33001708984375},"neighbors":{},"roomID":"26214314-031a-430c-9946-bee9b177c8eb"},"5ab38008-8f67-4ad0-93fc-a4d26c50866e":{"pos":{"x":221.27999877929688,"y":224.4000244140625},"neighbors":{},"roomID":"7d31b24e-35c1-4788-8bc9-6e0fc1831712"},"54987405-d9a0-4e2a-82e6-58b1f05bc72f":{"pos":{"x":318.3599853515625,"y":322.02001953125},"neighbors":{},"roomID":"504fe4dc-8a51-4b6f-8ef1-841a9401939f"},"db8d0051-2b28-4336-aa1f-d299cff71dab":{"pos":{"x":365.1300048828125,"y":322.8000183105469},"neighbors":{},"roomID":"e3b7cf07-9b47-4fb9-84a5-b4c7a67db914"},"e493e113-7a03-4964-ba0c-4eeb66bf91f5":{"pos":{"x":207.3048858642578,"y":139.1998519897461},"neighbors":{},"roomID":"e5e0cbca-01a2-4e70-8841-8a76a28fe40a"},"214248cf-1bed-4a09-bcc7-c8160d8eff21":{"pos":{"x":259.59022521972656,"y":129.1798324584961},"neighbors":{},"roomID":"ff99250d-f318-4f6e-a522-0bd22839a223"},"399f9f33-9644-4cb1-808e-1f37c496fed6":{"pos":{"x":298.2348937988281,"y":110.15981674194336},"neighbors":{},"roomID":"20f5bdc7-37ce-43d0-8f31-bd77d2f65622"},"09e46506-9301-4ff3-8434-4f0255d28619":{"pos":{"x":476.1048889160156,"y":273.8098449707031},"neighbors":{},"roomID":"5e61c95d-4f37-4e9f-b3df-cf46cf973350"},"eb0ea577-a56e-40a8-a91f-f954f49264b1":{"pos":{"x":503.66998291015625,"y":225.1199951171875},"neighbors":{},"roomID":"f15d5029-aa8c-478a-8e03-edb724f1284b"},"247b2510-bdc1-4f91-99f9-2b576d5bf858":{"pos":{"x":414.9048767089844,"y":252.05984497070312},"neighbors":{},"roomID":"8c464f93-75f5-410f-b4bf-40d981481370"},"0b4d37ab-87ed-4b1e-9177-91a287ce424e":{"pos":{"x":432.7799987792969,"y":230.10003662109375},"neighbors":{},"roomID":"653a005a-ec4e-44e5-81a8-f9d703e6dd25"},"5c9f5ef2-cf65-4ab2-af53-d0cb9f485f75":{"pos":{"x":423.53997802734375,"y":231.21002197265625},"neighbors":{},"roomID":"7270ae59-9ea6-43ad-a4af-a4aa271f6960"},"ddff0c01-c61f-4b27-96cb-e554af1c58f7":{"pos":{"x":449.42999267578125,"y":226.02001953125},"neighbors":{},"roomID":"e1d6f0f1-4372-4c23-95be-85e9ffea4b9c"},"d380160f-548c-4f3b-a67d-69194f9cfa17":{"pos":{"x":542.9448852539062,"y":274.0498352050781},"neighbors":{},"roomID":"b9d4498d-73d4-41b1-aef8-fc3a919eeb1e"},"764d94c5-13e1-425b-9341-1ed8da45c5d0":{"pos":{"x":569.489990234375,"y":224.94000244140625},"neighbors":{},"roomID":"7f6be54e-d7aa-4966-815d-6ae8058bc572"},"800c0721-f203-430b-85c2-543db62291e6":{"pos":{"x":516.989990234375,"y":225.3900146484375},"neighbors":{},"roomID":"3f940939-cb49-4703-84e6-b6c0adc91471"},"777d8437-fce9-428d-9843-4f49bea489bc":{"pos":{"x":581.7899780273438,"y":225.21002197265625},"neighbors":{},"roomID":"c1d44ba2-fed7-4bf6-9287-a936c3602f7a"},